name,address,phone_number,website,type,Monday,Tuesday,Wednesday,Thursday,Friday,Saturday,Sunday
Becky’s Butties,"A429, Warwick",07938 417105,Not Available,restaurant,Monday: 7:00 – 11:30 AM,Tuesday: 7:00 – 11:30 AM,Wednesday: 7:00 – 11:30 AM,Thursday: 7:00 – 11:30 AM,Friday: 7:00 – 11:30 AM,Saturday: Closed,Sunday: Closed
The Snitterfield Arms,"Bearley Rd, Snitterfield, Stratford-upon-Avon",01789 777034,https://www.snitterfieldarmsstratforduponavon.co.uk/,bar,Monday: 11:00 AM – 11:00 PM,Tuesday: 11:00 AM – 11:00 PM,Wednesday: 11:00 AM – 11:00 PM,Thursday: 11:00 AM – 11:00 PM,Friday: 11:00 AM – 11:00 PM,Saturday: 11:00 AM – 11:00 PM,Sunday: 12:00 – 10:30 PM
The New Inn,"Main St, Norton Lindsey, Warwick",01926 258411,https://thenewinn.pub/,bar,Monday: 4:00 – 10:00 PM,Tuesday: 4:00 – 10:00 PM,Wednesday: 4:00 – 10:00 PM,Thursday: 4:00 – 10:00 PM,Friday: 12:00 – 11:00 PM,Saturday: 12:00 – 10:00 PM,Sunday: 12:00 – 10:00 PM
Restaurant 360,"A429 Stratford Rd, Budbrooke, Warwick",Not Available,Not Available,restaurant,"Monday: 7:00 – 10:00 AM, 7:00 – 9:30 PM","Tuesday: 7:00 – 10:00 AM, 7:00 – 9:30 PM","Wednesday: 7:00 – 10:00 AM, 7:00 – 9:30 PM","Thursday: 7:00 – 10:00 AM, 7:00 – 9:30 PM","Friday: 7:00 – 10:00 AM, 6:00 – 9:30 PM","Saturday: 7:00 – 11:00 AM, 6:00 – 9:30 PM","Sunday: 7:00 – 11:00 AM, 7:00 – 9:30 PM"
The Kingmaker Warwick inspired by Glynn Purnell,"Delta Hotels by Marriott, Stratford Rd, Warwick",01926 499555,https://www.kingmakerwarwick.com/,restaurant,Monday: 6:30 – 9:00 PM,Tuesday: 6:30 – 9:00 PM,Wednesday: 6:30 – 9:00 PM,Thursday: 6:30 – 9:00 PM,Friday: 6:30 – 9:00 PM,Saturday: 6:30 – 9:00 PM,Sunday: Closed
PANDA HOUSE Chinese Takeaway,"36 Shakespeare Ave, Warwick",01926 741004,https://pandahousewarwick.co.uk/jTmg,restaurant,Monday: Closed,Tuesday: 5:00 – 11:00 PM,Wednesday: 5:00 – 11:00 PM,Thursday: 5:00 – 10:45 PM,Friday: 5:00 – 11:30 PM,Saturday: 5:00 – 11:30 PM,Sunday: 5:00 – 11:00 PM
RUBY CHINESE TAKEAWAY,"Chase Meadow Square, Narrow Hall Mdw, Warwick",01926 409787,http://www.rubywarwick.co.uk/,meal_takeaway,Monday: Closed,Tuesday: 5:00 – 11:00 PM,Wednesday: 5:00 – 11:00 PM,Thursday: 5:00 – 11:00 PM,Friday: 5:00 – 11:30 PM,Saturday: 5:00 – 11:30 PM,Sunday: 5:00 – 11:00 PM
Shakespeare Fish Bar,"28 Shakespeare Ave, Warwick",01926 257003,https://shakespearefishbar.co.uk/,meal_takeaway,Not Available,Not Available,Not Available,Not Available,Not Available,Not Available,Not Available
McDonald's,"Stratford Rd, Longbridge, Warwick",01926 479196,https://www.mcdonalds.com/gb/en-gb.html?cid=RF:YEXT:GMB:1620:Clicks:DIRSYN:,restaurant,Monday: 6:00 AM – 11:00 PM,Tuesday: 6:00 AM – 11:00 PM,Wednesday: 6:00 AM – 11:00 PM,Thursday: 6:00 AM – 11:00 PM,Friday: 6:00 AM – 11:00 PM,Saturday: 6:00 AM – 11:00 PM,Sunday: 6:00 AM – 12:00 AM
Salt N Vinegar,"2, Chase Meadow Square, Narrow Hall Mdw, Warwick",01926 479146,https://saltandviniger.com/,meal_takeaway,Monday: 4:30 – 9:00 PM,Tuesday: 4:30 – 10:00 PM,Wednesday: 4:30 – 10:00 PM,Thursday: 4:30 – 10:00 PM,Friday: 4:30 – 10:00 PM,Saturday: 4:30 – 10:00 PM,Sunday: Closed
The Plough & Harrow,"Whitnash Rd, Leamington Spa",01926 337778,http://www.theploughandharrowwhitnash.com/,bar,Monday: 12:00 – 11:00 PM,Tuesday: 12:00 – 11:00 PM,Wednesday: 12:00 – 11:00 PM,Thursday: 12:00 – 11:00 PM,Friday: 12:00 – 11:00 PM,Saturday: 12:00 – 11:00 PM,Sunday: 12:00 – 11:00 PM
Nally's Jamaican Jerk & Grill,"Lawford Rd, Leamington Spa",07701 075915,Not Available,restaurant,Monday: 2:00 – 7:00 PM,Tuesday: 2:00 – 8:00 PM,Wednesday: 2:00 – 8:00 PM,Thursday: 2:00 – 8:00 PM,Friday: 2:00 – 9:00 PM,Saturday: 2:00 – 9:00 PM,Sunday: 2:00 – 7:00 PM
Happy Nest,"106 Coppice Rd, Leamington Spa",01926 330308,https://www.happynestwhitnash.com/,meal_takeaway,Monday: 5:00 – 11:00 PM,Tuesday: Closed,Wednesday: 5:00 – 11:00 PM,Thursday: 5:00 – 11:00 PM,Friday: 5:00 PM – 12:00 AM,Saturday: 5:00 PM – 12:00 AM,Sunday: 5:00 – 10:30 PM
Johnny's Place,"8 Shopping Centre, Whitnash Estate, Royal Leamington Spa, Leamington Spa",01926 425221,Not Available,meal_takeaway,"Monday: 12:00 – 2:00 PM, 4:30 – 9:00 PM","Tuesday: 12:00 – 2:00 PM, 4:30 – 9:00 PM","Wednesday: 12:00 – 2:00 PM, 4:30 – 9:00 PM","Thursday: 12:00 – 2:00 PM, 4:30 – 9:00 PM","Friday: 12:00 – 2:00 PM, 4:30 – 9:30 PM","Saturday: 12:00 – 2:00 PM, 4:30 – 9:00 PM",Sunday: Closed
Heathcote Fish Bar,"86 Heathcote Rd, Leamington Spa",01926 435300,Not Available,meal_takeaway,Monday: 4:30 – 9:00 PM,Tuesday: 4:30 – 9:00 PM,Wednesday: 12:00 – 9:00 PM,Thursday: 12:00 – 9:00 PM,Friday: 12:00 – 9:00 PM,Saturday: 12:00 – 9:00 PM,Sunday: Closed
Trevalyan Restaurant at Hallmark Hotel The Welcombe,"Warwick Rd, Stratford-upon-Avon",0330 028 3422,Not Available,bar,"Monday: 7:00 – 10:00 AM, 7:00 – 10:00 PM","Tuesday: 7:00 – 10:00 AM, 7:00 – 10:00 PM","Wednesday: 7:00 – 10:00 AM, 7:00 – 10:00 PM","Thursday: 7:00 – 10:00 AM, 7:00 – 10:00 PM","Friday: 7:00 – 10:00 AM, 7:00 – 10:00 PM","Saturday: 7:30 – 10:30 AM, 7:00 – 10:00 PM","Sunday: 7:30 – 10:30 AM, 7:00 – 10:00 PM"
"Cobbs at The Farm, Stratford upon Avon","King's Ln, Snitterfield, Stratford-upon-Avon",01789 731807,https://www.cobbsfarmshops.co.uk/cobbs-at-the-farm-stratford,meal_takeaway,Monday: 9:00 AM – 5:00 PM,Tuesday: 9:00 AM – 5:00 PM,Wednesday: 9:00 AM – 5:00 PM,Thursday: 9:00 AM – 5:00 PM,Friday: 9:00 AM – 5:00 PM,Saturday: 9:00 AM – 5:00 PM,Sunday: 10:00 AM – 4:00 PM
Lahori Kitchen,"15 Rotary Wy., Warwick",Not Available,https://www.facebook.com/profile.php?id=100095203300297,meal_takeaway,Monday: 11:00 AM – 9:00 PM,Tuesday: 11:00 AM – 9:00 PM,Wednesday: 11:00 AM – 9:00 PM,Thursday: 11:00 AM – 9:00 PM,Friday: 11:00 AM – 9:00 PM,Saturday: 11:00 AM – 9:00 PM,Sunday: 11:00 AM – 9:00 PM
The Racehorse,"34 Stratford Rd, Warwick",01926 496705,https://racehorsewarwick.co.uk/,bar,Monday: 12:00 – 10:00 PM,Tuesday: 12:00 – 10:00 PM,Wednesday: 12:00 – 10:00 PM,Thursday: 12:00 – 10:00 PM,Friday: 12:00 – 11:00 PM,Saturday: 12:00 – 11:00 PM,Sunday: 12:00 – 9:00 PM
Harbury Catch,"Vickers Way, Warwick",01926 420056,https://www.harburycatch.com/,restaurant,Monday: 11:30 AM – 9:30 PM,Tuesday: 11:30 AM – 9:30 PM,Wednesday: 11:30 AM – 9:30 PM,Thursday: 11:30 AM – 9:30 PM,Friday: 11:30 AM – 9:30 PM,Saturday: 11:30 AM – 9:30 PM,Sunday: 3:00 – 9:00 PM
KFC,South Services Area 12/13 M40 Warwick Warwick Motorway Services EN,01483 717000,https://www.kfc.co.uk/,restaurant,Monday: 11:00 AM – 10:00 PM,Tuesday: 11:00 AM – 10:00 PM,Wednesday: 11:00 AM – 10:00 PM,Thursday: 11:00 AM – 10:00 PM,Friday: 11:00 AM – 10:00 PM,Saturday: 11:00 AM – 10:00 PM,Sunday: 11:00 AM – 10:00 PM
Chopstix,"South Services, Welcome Break, Banbury Rd, Warwick",Not Available,http://chopstixnoodles.co.uk/,restaurant,Monday: 12:00 – 8:00 PM,Tuesday: 12:00 – 8:00 PM,Wednesday: 12:00 – 8:00 PM,Thursday: 12:00 – 8:00 PM,Friday: 12:00 – 8:00 PM,Saturday: 12:00 – 8:00 PM,Sunday: 12:00 – 8:00 PM
The Good Breakfast,"Welcome Break Warwick Services Southbound M40 Jct 13/12, Warwick",01908 299700,https://www.welcomebreak.co.uk/brands/the-good-breakfast/,restaurant,Monday: 6:00 – 11:30 AM,Tuesday: 6:00 – 11:30 AM,Wednesday: 6:00 – 11:30 AM,Thursday: 6:00 – 11:30 AM,Friday: 6:00 – 11:30 AM,Saturday: 6:00 – 11:30 AM,Sunday: 7:00 – 11:30 AM
Chopstix - Warwick North Services (Welcome Break),"North Services (M40, Welcome Break, Banbury Rd, Ashorne, Warwick",Not Available,http://chopstixnoodles.co.uk/,restaurant,Monday: 12:00 – 8:00 PM,Tuesday: 12:00 – 8:00 PM,Wednesday: 12:00 – 8:00 PM,Thursday: 12:00 – 8:00 PM,Friday: 12:00 – 8:00 PM,Saturday: 12:00 – 8:00 PM,Sunday: 12:00 – 8:00 PM
Good breakfast,"Warwick Services North, Banbury Rd, Ashorne, Warwick",01926 650168,Not Available,restaurant,Monday: 6:00 AM – 12:00 PM,Tuesday: 6:00 AM – 12:00 PM,Wednesday: 6:00 AM – 12:00 PM,Thursday: 6:00 AM – 12:00 PM,Friday: 6:00 AM – 12:00 PM,Saturday: 6:00 AM – 12:00 PM,Sunday: 7:00 AM – 1:00 PM
Burger King,"South Services Area 12/13, M40, Warwick, EN",Not Available,https://www.burgerking.co.uk/,restaurant,Monday: 10:00 AM – 10:00 PM,Tuesday: 10:00 AM – 10:00 PM,Wednesday: 10:00 AM – 10:00 PM,Thursday: 10:00 AM – 10:00 PM,Friday: 10:00 AM – 10:00 PM,Saturday: 10:00 AM – 10:30 PM,Sunday: 10:00 AM – 10:30 PM
Burger King,"Warwick (north) Service Area, M40, Banbury Rd, Warwick",01926 650168,https://locations.burgerking.co.uk/warwick/warwick-(north)-service-area,restaurant,Monday: 10:00 AM – 11:00 PM,Tuesday: 10:00 AM – 11:00 PM,Wednesday: 10:00 AM – 11:00 PM,Thursday: 10:00 AM – 11:00 PM,Friday: 10:00 AM – 12:00 AM,Saturday: 10:00 AM – 11:00 PM,Sunday: 10:00 AM – 12:00 AM
KFC Warwick,"Junction 12, North Services, 13 Banbury Road Welcome Break, 13 M40, Warwick",01926 650168,https://www.kfc.co.uk/kfc-near-me/warwick-m40-north-services?utm_term=Warwick&utm_medium=organic&utm_source=uberall,meal_takeaway,Monday: 11:00 AM – 10:00 PM,Tuesday: 11:00 AM – 10:00 PM,Wednesday: 11:00 AM – 10:00 PM,Thursday: 11:00 AM – 10:00 PM,Friday: 11:00 AM – 11:00 PM,Saturday: 11:00 AM – 10:00 PM,Sunday: 11:00 AM – 11:00 PM
Subway,"South Services, Services South, Banbury Rd, Ashorne, Warwick",01926 650491,https://restaurants.subway.com/united-kingdom/en/ashorne/warwick-services-south-banbury-road?utm_source=yxt-goog&utm_medium=local&utm_term=acq&utm_content=64620&utm_campaign=evergreen-2020&y_source=1_MTQ5Mjc4NTctNzE1LWxvY2F0aW9uLndlYnNpdGU%3D,meal_takeaway,Monday: 8:00 AM – 4:00 PM,Tuesday: 8:00 AM – 4:00 PM,Wednesday: 8:00 AM – 4:00 PM,Thursday: 8:00 AM – 4:00 PM,Friday: 8:00 AM – 8:00 PM,Saturday: 8:00 AM – 7:00 PM,Sunday: 8:00 AM – 8:00 PM
Subway,"Services North, Services, Banbury Rd, Ashorne, Warwick",01926 650168,https://restaurants.subway.com/united-kingdom/en/ashorne/warwick-services-north-banbury-road?utm_source=yxt-goog&utm_medium=local&utm_term=acq&utm_content=64613&utm_campaign=evergreen-2020&y_source=1_MTQ5MjQzNjEtNzE1LWxvY2F0aW9uLndlYnNpdGU%3D,meal_takeaway,Monday: 8:00 AM – 4:00 PM,Tuesday: 8:00 AM – 4:00 PM,Wednesday: 8:00 AM – 4:00 PM,Thursday: 8:00 AM – 4:00 PM,Friday: 8:00 AM – 7:00 PM,Saturday: 8:00 AM – 4:00 PM,Sunday: 8:00 AM – 7:00 PM
Starbucks Drive-Thru,"North Dt, M40 Motorway J13 Warwick, Leamington Spa",Not Available,Not Available,cafe,Monday: 5:30 AM – 9:00 PM,Tuesday: 5:30 AM – 9:00 PM,Wednesday: 5:30 AM – 9:00 PM,Thursday: 5:30 AM – 9:00 PM,Friday: 5:30 AM – 9:00 PM,Saturday: 5:30 AM – 9:00 PM,Sunday: 7:00 AM – 9:00 PM
Starbucks Coffee,"M40, Warwick",01926 650168,https://www.starbucks.co.uk/store-locator/store/18912/wb-warwick-south-m-40-motorway-southbound-junction-13-12-warwick-en,cafe,Monday: 8:00 AM – 4:00 PM,Tuesday: 8:00 AM – 4:00 PM,Wednesday: 8:00 AM – 4:00 PM,Thursday: 8:00 AM – 4:00 PM,Friday: 8:00 AM – 8:00 PM,Saturday: 8:00 AM – 4:00 PM,Sunday: 8:00 AM – 4:00 PM
Starbucks Coffee,"M40, M40, Ashorne, Leamington Spa",Not Available,https://www.starbucks.co.uk/store-locator/store/18912/wb-warwick-south-m-40-motorway-southbound-junction-13-12-warwick-en,cafe,Monday: 10:00 AM – 5:00 PM,Tuesday: 10:00 AM – 5:00 PM,Wednesday: 10:00 AM – 5:00 PM,Thursday: 10:00 AM – 5:00 PM,Friday: 10:00 AM – 7:00 PM,Saturday: 8:30 AM – 7:00 PM,Sunday: 10:00 AM – 7:00 PM
The Dining Room at Mallory Court Hotel & Spa,"Harbury Ln, Leamington Spa",01926 330214,https://www.mallory.co.uk/eat/the-dining-room/,restaurant,"Monday: 7:30 – 10:00 AM, 1:30 – 4:00 PM, 6:00 – 8:30 PM","Tuesday: 7:30 – 10:00 AM, 1:30 – 4:00 PM, 6:00 – 8:30 PM","Wednesday: 7:30 – 10:00 AM, 1:30 – 4:00 PM, 6:00 – 8:30 PM","Thursday: 7:30 – 10:00 AM, 1:30 – 4:00 PM, 6:00 – 8:30 PM","Friday: 7:30 – 10:00 AM, 1:30 – 4:00 PM, 6:00 – 8:30 PM","Saturday: 8:00 – 10:30 AM, 6:00 – 8:30 PM","Sunday: 8:00 – 10:30 AM, 6:00 – 8:30 PM"
The Heathcote,"Tachbrook Rd, Heathcote, Leamington Spa",01926 887000,http://www.theheathcote.co.uk/,bar,Monday: 12:00 – 9:30 PM,Tuesday: 12:00 – 9:30 PM,Wednesday: 12:00 – 9:30 PM,Thursday: 12:00 – 9:30 PM,Friday: 12:00 – 10:30 PM,Saturday: 12:00 – 10:30 PM,Sunday: 12:00 – 9:00 PM
Royal Horse,"Poseidon Way, Royal Leamington Spa, Warwick",01926 882247,https://www.hungryhorse.co.uk/pubs/warwickshire/royal-horse?utm_source=g_places&utm_medium=locations&utm_campaign=HH_pubpage,bar,Monday: 9:00 AM – 10:00 PM,Tuesday: 9:00 AM – 10:00 PM,Wednesday: 9:00 AM – 10:00 PM,Thursday: 9:00 AM – 10:00 PM,Friday: 9:00 AM – 11:00 PM,Saturday: 9:00 AM – 11:00 PM,Sunday: 9:00 AM – 10:00 PM
SmartLunch Ltd,"Rigby Cl, Heathcote Industrial Estate, Royal Leamington Spa, Leamington Spa / Warwick",07411 340823,Not Available,meal_takeaway,Monday: 8:30 AM – 3:30 PM,Tuesday: 8:30 AM – 3:30 PM,Wednesday: 8:30 AM – 3:30 PM,Thursday: 8:30 AM – 3:30 PM,Friday: 8:30 AM – 3:30 PM,Saturday: 9:00 AM – 4:00 PM,Sunday: 12:00 – 4:00 PM
Mallory Court Country House Hotel & Spa,"Harbury Ln, Leamington Spa",01926 330214,https://www.mallory.co.uk/,spa,Monday: Open 24 hours,Tuesday: Open 24 hours,Wednesday: Open 24 hours,Thursday: Open 24 hours,Friday: Open 24 hours,Saturday: Open 24 hours,Sunday: Open 24 hours
pawpaw,"3 Cressida Cl, Heathcote, Warwick",01926 888138,http://www.pawpawgroup.com/,meal_takeaway,Monday: 5:00 – 9:45 PM,Tuesday: 5:00 – 9:45 PM,Wednesday: Closed,Thursday: 5:00 – 9:45 PM,Friday: 5:00 – 9:45 PM,Saturday: 5:00 – 9:45 PM,Sunday: 5:00 – 9:45 PM
The Brasserie,"Staff House Mallory Court, Harbury Ln, Bishop's Tachbrook, Leamington Spa",Not Available,Not Available,restaurant,Not Available,Not Available,Not Available,Not Available,Not Available,Not Available,Not Available
"Fish Fair (Fish, Chips, Kebabs)","Cressida Cl, Heathcote, Warwick",01926 888848,Not Available,meal_takeaway,"Monday: 11:30 AM – 2:00 PM, 4:30 – 10:00 PM","Tuesday: 11:30 AM – 2:00 PM, 4:30 – 10:00 PM","Wednesday: 11:30 AM – 2:00 PM, 4:30 – 10:00 PM","Thursday: 11:30 AM – 2:00 PM, 4:30 – 10:00 PM","Friday: 11:30 AM – 2:00 PM, 4:30 – 10:00 PM","Saturday: 11:30 AM – 2:00 PM, 4:30 – 10:00 PM",Sunday: Closed
Thyme,"40 Haywood Rd, Warwick",0871 527 9320,Not Available,restaurant,Not Available,Not Available,Not Available,Not Available,Not Available,Not Available,Not Available
The Hatton Arms,"Birmingham Rd, Hatton, Warwick",01926 492427,http://www.hattonarms.com/,restaurant,Monday: 12:00 – 11:00 PM,Tuesday: 12:00 – 11:00 PM,Wednesday: 12:00 – 11:00 PM,Thursday: 12:00 – 11:00 PM,Friday: 12:00 – 11:00 PM,Saturday: 12:00 – 11:00 PM,Sunday: 12:00 – 11:00 PM
The Spinning Jenny Shoppers Café,"24A Hatton Country World, Hatton, Warwick",01926 843405,Not Available,restaurant,Not Available,Not Available,Not Available,Not Available,Not Available,Not Available,Not Available
Gardener's Retreat,"Hatton Garden Centre, Hatton, Warwick",01926 245240,Not Available,restaurant,Not Available,Not Available,Not Available,Not Available,Not Available,Not Available,Not Available
Central Ajax cafe,"Hampton Rd, Budbrooke, Warwick",Not Available,https://www.centralajaxfc.co.uk/,restaurant,Monday: Closed,Tuesday: Closed,Wednesday: Closed,Thursday: Closed,Friday: Closed,Saturday: 8:30 AM – 5:00 PM,Sunday: Closed
Premier Inn Warwick hotel,"opus, 40 Haywood Rd, Warwick",Not Available,https://www.premierinn.com/gb/en/hotels/england/warwickshire/warwick/warwick.html?cid=GLBC_WARTHY,lodging,Not Available,Not Available,Not Available,Not Available,Not Available,Not Available,Not Available
The Cocktail Connoisseur,"10 Crimscote Square, Warwick",Not Available,https://cocktailconnoisseur.instacook.in/,meal_takeaway,Monday: Closed,Tuesday: Closed,Wednesday: Closed,Thursday: 2:00 – 8:00 PM,Friday: 12:00 – 8:00 PM,Saturday: 12:00 – 8:00 PM,Sunday: Closed
Mackwood International Ltd,"King Edwards Court, 21 Blackwell Ln, Warwick",01926 494730,http://www.mackwood.com/,liquor_store,Monday: 9:00 AM – 9:00 PM,Tuesday: 9:00 AM – 9:00 PM,Wednesday: 9:00 AM – 9:00 PM,Thursday: 9:00 AM – 9:00 PM,Friday: 9:00 AM – 9:00 PM,Saturday: 9:00 AM – 5:00 PM,Sunday: Closed
The Shire Grill,"The Shire Grill, Chesterton Dr, Sydenham, Leamington Spa",01926 257900,https://www.theshiregrill.co.uk/,bar,Monday: 3:00 – 10:30 PM,Tuesday: 3:00 – 10:30 PM,Wednesday: 3:00 – 10:30 PM,Thursday: 3:00 – 10:30 PM,Friday: 3:00 – 11:30 PM,Saturday: 12:00 – 11:30 PM,Sunday: 12:00 – 10:00 PM
The Stag at Offchurch,"Welsh Rd., Offchurch, Leamington Spa",01926 425801,http://www.thestagatoffchurch.com/,bar,Monday: Closed,Tuesday: Closed,Wednesday: 12:00 – 11:00 PM,Thursday: 12:00 – 11:00 PM,Friday: 12:00 – 11:00 PM,Saturday: 12:00 – 11:00 PM,Sunday: 12:00 – 10:30 PM
Greek Gyro and more,"4 Campion Terrace, Leamington Spa",07311 168611,https://m.facebook.com/pages/category/Fast-Food-Restaurant/Greek-gyro-108897237602571/,restaurant,Monday: 5:00 – 9:00 PM,Tuesday: 5:00 – 9:00 PM,Wednesday: 5:00 – 9:00 PM,Thursday: 5:00 – 9:00 PM,Friday: 5:00 – 9:00 PM,Saturday: 5:00 – 9:00 PM,Sunday: Closed
Seafare Fish Bar,"2 Stanleys Ct, Sydenham, Leamington Spa",01926 428597,Not Available,restaurant,Not Available,Not Available,Not Available,Not Available,Not Available,Not Available,Not Available
Sydenham Balti & Pizza,"7 Stanleys Ct, Sydenham, Leamington Spa",01926 314258,http://sydenhambaltiandpizza.uk/,meal_takeaway,Monday: 5:00 – 11:30 PM,Tuesday: 5:00 – 11:30 PM,Wednesday: 5:00 – 11:30 PM,Thursday: 5:00 – 9:00 PM,Friday: 5:00 PM – 12:30 AM,Saturday: 11:30 AM – 12:30 AM,Sunday: 5:00 – 11:00 PM
Royal Bites,"4 Bisset Cres, Sydenham, Leamington Spa",07424 335960,https://royalbites.uk/,meal_takeaway,Monday: 1:00 – 9:00 PM,Tuesday: 1:00 – 9:00 PM,Wednesday: 1:00 – 9:00 PM,Thursday: 1:00 – 9:00 PM,Friday: 1:00 – 9:00 PM,Saturday: 1:00 – 9:00 PM,Sunday: 1:00 – 9:00 PM
The Good Foods House,"3 Stanleys Court, Sydenham Dr, Royal Leamington Spa",01926 335023,Not Available,meal_takeaway,Monday: Closed,Tuesday: 5:00 – 11:00 PM,Wednesday: 5:00 – 11:00 PM,Thursday: 5:00 – 11:00 PM,Friday: 5:00 – 11:00 PM,Saturday: 5:00 – 11:00 PM,Sunday: 5:00 – 11:00 PM
The White Lion,"60 Southam Rd, Radford Semele, Leamington Spa",01926 885500,https://www.thewhitelionradfordsemele.co.uk/,bar,Monday: 10:00 AM – 11:00 PM,Tuesday: 10:00 AM – 11:00 PM,Wednesday: 10:00 AM – 11:00 PM,Thursday: 10:00 AM – 11:00 PM,Friday: 10:00 AM – 11:00 PM,Saturday: 9:00 AM – 11:00 PM,Sunday: 9:00 AM – 10:00 PM
Pete's Plaice,"2 Stanleys Ct, Sydenham, Leamington Spa",01926 428597,https://petesplaice.com/?utm_source=GMBwebsite&utm_medium=organic&utm_campaign=Google%20My%20Business,meal_takeaway,"Monday: 12:00 – 2:00 PM, 4:30 – 9:30 PM","Tuesday: 12:00 – 2:00 PM, 4:30 – 9:30 PM","Wednesday: 12:00 – 2:00 PM, 4:30 – 9:30 PM","Thursday: 12:00 – 2:00 PM, 4:30 – 9:30 PM","Friday: 12:00 – 2:00 PM, 4:30 – 10:00 PM","Saturday: 12:00 – 2:00 PM, 4:30 – 10:00 PM",Sunday: Closed
Panku Leamington Spa,"Chesterton Dr, Sydenham, Leamington Spa",01926 311656,Not Available,meal_takeaway,Not Available,Not Available,Not Available,Not Available,Not Available,Not Available,Not Available
The New Inn,"Main St, Norton Lindsey, Warwick",01926 258411,https://thenewinn.pub/,restaurant,Monday: 4:00 – 10:00 PM,Tuesday: 4:00 – 10:00 PM,Wednesday: 4:00 – 10:00 PM,Thursday: 4:00 – 10:00 PM,Friday: 12:00 – 11:00 PM,Saturday: 12:00 – 10:00 PM,Sunday: 12:00 – 10:00 PM
Canalside Drinking Dining,"Hatton, Warwick",Not Available,Not Available,restaurant,Not Available,Not Available,Not Available,Not Available,Not Available,Not Available,Not Available
"The Durham Ox, Shrewley","Shrewley Common, Warwick",01926 842283,https://www.durhamoxshrewley.co.uk/,bar,Monday: 11:00 AM – 11:00 PM,Tuesday: 11:00 AM – 11:00 PM,Wednesday: 11:00 AM – 11:00 PM,Thursday: 11:00 AM – 11:00 PM,Friday: 11:00 AM – 12:00 AM,Saturday: 11:00 AM – 12:00 AM,Sunday: 11:00 AM – 11:00 PM
Saxon Mill Warwick,"Coventry Rd, Guys Cliffe, Warwick",01926 492255,https://www.saxonmill.co.uk/?utm_source=google&utm_medium=organic&utm_campaign=gmb,bar,Monday: 9:00 AM – 11:00 PM,Tuesday: 9:00 AM – 11:00 PM,Wednesday: 9:00 AM – 11:00 PM,Thursday: 9:00 AM – 11:00 PM,Friday: 9:00 AM – 11:00 PM,Saturday: 9:00 AM – 11:00 PM,Sunday: 9:00 AM – 11:00 PM
The Cape Of Good Hope,"66 Lower Cape, Warwick",01926 498138,http://www.thecapeofgoodhopepub.com/,bar,Monday: 12:00 – 11:00 PM,Tuesday: 12:00 – 11:00 PM,Wednesday: 12:00 – 11:00 PM,Thursday: 12:00 – 11:00 PM,Friday: 12:00 PM – 12:00 AM,Saturday: 12:00 PM – 12:00 AM,Sunday: 12:00 – 11:00 PM
The Anchor Inn,"Warwick Rd, Leek Wootton, Warwick",01926 853355,https://www.anchorleekwootton.co.uk/,bar,"Monday: 11:30 AM – 3:00 PM, 5:15 – 11:00 PM","Tuesday: 11:30 AM – 3:00 PM, 5:15 – 11:00 PM","Wednesday: 11:30 AM – 3:00 PM, 5:15 – 11:00 PM","Thursday: 11:30 AM – 3:00 PM, 5:15 – 11:00 PM",Friday: 11:30 AM – 11:00 PM,Saturday: 11:30 AM – 11:00 PM,Sunday: 12:00 – 10:00 PM
Kavi Restaurant (Ramada Hotel),"Chesford Bridge, Kenilworth",01926 858331,Not Available,lodging,Not Available,Not Available,Not Available,Not Available,Not Available,Not Available,Not Available
Papa Johns Pizza,"4 Reardon Ct, Woodloes Ave S, Warwick",01926 505100,https://www.papajohns.co.uk/stores/warwick/offers.aspx,restaurant,Monday: 4:00 – 11:00 PM,Tuesday: 4:00 – 11:00 PM,Wednesday: 4:00 – 11:00 PM,Thursday: 4:00 – 11:00 PM,Friday: 11:00 AM – 11:00 PM,Saturday: 11:00 AM – 11:00 PM,Sunday: 11:00 AM – 11:00 PM
Woodloes Park Fish Saloon,"8 Reardon Ct, Woodloes Ave S, Warwick",01926 495666,Not Available,meal_takeaway,Monday: 4:30 – 9:00 PM,Tuesday: 11:30 AM – 9:00 PM,Wednesday: 11:30 AM – 9:00 PM,Thursday: 11:30 AM – 9:00 PM,Friday: 11:30 AM – 9:00 PM,Saturday: 11:30 AM – 9:00 PM,Sunday: Closed
Spinney Hill Chippy & Kebab House,"3, The Precinct, Warwick",01926 491044,https://www.just-eat.co.uk/restaurants-spinney-hill-chippy-and-kebab-house-warwick/menu,meal_takeaway,Monday: 4:00 – 9:00 PM,Tuesday: 4:00 – 9:00 PM,Wednesday: 4:00 – 9:00 PM,Thursday: 4:00 – 9:00 PM,Friday: 4:00 – 9:00 PM,Saturday: 4:00 – 9:00 PM,Sunday: Closed
The Falcon at Hatton,"Birmingham Rd, Warwick",01926 484281,https://thefalconathatton.com/,bar,Monday: 7:30 AM – 11:00 PM,Tuesday: 7:30 AM – 11:00 PM,Wednesday: 7:30 AM – 11:00 PM,Thursday: 7:30 AM – 11:00 PM,Friday: 7:30 AM – 11:00 PM,Saturday: 7:30 AM – 11:00 PM,Sunday: 7:30 AM – 11:00 PM
Balti Vhujon,"50A Queen St, Cubbington, Leamington Spa",01926 423828,https://baltivhujon.com/zH7N,meal_takeaway,Monday: 5:30 – 10:25 PM,Tuesday: 5:30 – 10:25 PM,Wednesday: 5:30 – 10:25 PM,Thursday: 5:30 – 10:25 PM,Friday: 5:30 – 10:45 PM,Saturday: 5:30 – 10:45 PM,Sunday: 5:30 – 9:30 PM
Bia's Kitchen Uk,"30 S View Rd, Leamington Spa",07534 278921,Not Available,meal_takeaway,Not Available,Not Available,Not Available,Not Available,Not Available,Not Available,Not Available
Crown Street Food,"31 Crown Way, Lillington, Leamington Spa",01926 660201,https://www.crownstreetfood.com/home,meal_takeaway,Monday: 12:00 – 10:00 PM,Tuesday: 12:00 – 10:00 PM,Wednesday: 12:00 – 10:00 PM,Thursday: 12:00 – 10:00 PM,Friday: 12:00 – 10:00 PM,Saturday: 12:00 – 10:00 PM,Sunday: 4:00 – 9:00 PM
Rugby Tavern,"43 Rugby Rd, Cubbington, Leamington Spa",01926 423449,https://www.greeneking.co.uk/pubs/warwickshire/rugby-tavern?utm_source=g_places&utm_medium=locations&utm_campaign=PS_pubpage,bar,Monday: 11:00 AM – 11:00 PM,Tuesday: 11:00 AM – 11:00 PM,Wednesday: 11:00 AM – 11:00 PM,Thursday: 11:00 AM – 11:00 PM,Friday: 11:00 AM – 12:00 AM,Saturday: 11:00 AM – 12:00 AM,Sunday: 11:00 AM – 11:00 PM
Crown Way Fish Bar,"39 Crown Way, Lillington, Leamington Spa",01926 423310,Not Available,meal_takeaway,Monday: 4:30 – 9:00 PM,Tuesday: 4:30 – 9:00 PM,Wednesday: 4:30 – 9:00 PM,"Thursday: 12:00 – 2:00 PM, 4:30 – 9:00 PM","Friday: 12:00 – 2:00 PM, 4:30 – 9:00 PM","Saturday: 12:00 – 2:00 PM, 4:30 – 9:00 PM",Sunday: Closed
New Blossom Court,"42 Rugby Rd, Cubbington, Leamington Spa",01926 334647,Not Available,meal_takeaway,Monday: 5:00 – 9:00 PM,Tuesday: 5:00 – 9:00 PM,Wednesday: 5:00 – 9:00 PM,Thursday: 5:00 – 9:00 PM,Friday: 5:00 – 10:00 PM,Saturday: 5:00 – 10:00 PM,Sunday: Closed
Cubbington Plaice,"36 Rugby Rd, Cubbington, Leamington Spa",01926 424381,Not Available,meal_takeaway,Monday: Closed,"Tuesday: 12:00 – 2:00 PM, 5:00 – 9:00 PM","Wednesday: 12:00 – 2:00 PM, 5:00 – 9:00 PM","Thursday: 12:00 – 2:00 PM, 5:00 – 9:00 PM","Friday: 12:00 – 2:00 PM, 5:00 – 9:00 PM","Saturday: 12:00 – 2:00 PM, 5:00 – 9:00 PM",Sunday: Closed
Subway,"Comptons Garage, 77 Rugby Rd, Cubbington, Leamington Spa",01926 423477,https://restaurants.subway.com/united-kingdom/en/cubbington/comptons-garage-77-rugby-road?utm_source=yxt-goog&utm_medium=local&utm_term=acq&utm_content=68085&utm_campaign=evergreen-2020&y_source=1_MTQ5MjQ5NjQtNzE1LWxvY2F0aW9uLndlYnNpdGU%3D,meal_takeaway,Monday: 8:30 AM – 7:30 PM,Tuesday: 8:30 AM – 7:30 PM,Wednesday: 8:30 AM – 7:30 PM,Thursday: 8:30 AM – 7:30 PM,Friday: 8:30 AM – 7:30 PM,Saturday: 8:30 AM – 7:30 PM,Sunday: 9:00 AM – 6:00 PM
Winson Takeaway,"71 Crown Way, Lillington, Leamington Spa",01926 424775,http://www.winsontakeaway.co.uk/,meal_takeaway,Monday: 5:00 – 11:30 PM,Tuesday: Closed,Wednesday: 5:00 – 11:30 PM,Thursday: 5:00 – 11:30 PM,Friday: 5:00 PM – 12:00 AM,Saturday: 5:00 PM – 12:00 AM,Sunday: 5:00 – 11:30 PM
Bistrot Pierre - Leamington Spa,"28 Park St, Leamington Spa",01926 426261,https://www.bistrotpierre.co.uk/menus/,restaurant,Monday: 12:00 – 10:00 PM,Tuesday: 12:00 – 10:00 PM,Wednesday: 12:00 – 10:00 PM,Thursday: 12:00 – 10:00 PM,Friday: 12:00 – 10:30 PM,Saturday: 9:00 AM – 10:30 PM,Sunday: 9:00 AM – 10:00 PM
Côte Leamington Spa,"3, Regent Court, Town Centre, Leamington Spa",01926 337607,https://www.cote.co.uk/restaurant/leamington-spa/?utm_source=google&utm_medium=organic&utm_campaign=Google+My+Business?utm_source=extnet&utm_medium=yext,restaurant,Monday: 9:00 AM – 10:00 PM,Tuesday: 9:00 AM – 10:00 PM,Wednesday: 9:00 AM – 10:00 PM,Thursday: 9:00 AM – 10:00 PM,Friday: 9:00 AM – 10:00 PM,Saturday: 9:00 AM – 10:00 PM,Sunday: 9:00 AM – 9:30 PM
Eleven,"Regent Pl, Leamington Spa",01926 424723,http://www.elevenrestaurant.co.uk/,restaurant,Monday: Closed,"Tuesday: 9:00 AM – 2:00 PM, 6:00 – 9:00 PM","Wednesday: 9:00 AM – 2:00 PM, 6:00 – 9:00 PM","Thursday: 9:00 AM – 2:00 PM, 6:00 – 9:00 PM","Friday: 9:00 AM – 2:00 PM, 6:00 – 9:00 PM","Saturday: 9:00 AM – 2:00 PM, 6:00 – 9:00 PM",Sunday: Closed
La Coppola Ristorante & Oyster Bar,"14 Parade, Leamington Spa",01926 888873,http://www.lacoppola.co.uk/,restaurant,Monday: 12:00 – 10:00 PM,Tuesday: 12:00 – 10:00 PM,Wednesday: 12:00 – 10:00 PM,Thursday: 12:00 – 10:00 PM,Friday: 12:00 – 10:00 PM,Saturday: 12:00 – 10:00 PM,Sunday: 12:00 – 10:00 PM
Oscars French Steakhouse and Bistro,"39 Chandos St, Leamington Spa",01926 452807,http://www.oscarsfrenchbistro.co.uk/,restaurant,Monday: Closed,Tuesday: 6:00 – 10:00 PM,"Wednesday: 12:00 – 3:00 PM, 6:00 – 10:00 PM","Thursday: 12:00 – 3:00 PM, 6:00 – 10:00 PM","Friday: 12:00 – 3:00 PM, 6:00 – 10:00 PM","Saturday: 12:00 – 3:00 PM, 6:00 – 10:00 PM",Sunday: Closed
Bombay Restaurant,"38-40 Regent St, Leamington Spa",01926 420521,http://www.bombayleamington.com/,meal_takeaway,Monday: 5:30 – 11:00 PM,Tuesday: 5:30 – 11:00 PM,Wednesday: 5:30 – 11:00 PM,Thursday: 5:30 – 11:00 PM,Friday: 5:30 PM – 12:00 AM,Saturday: 5:30 PM – 12:00 AM,Sunday: 5:30 – 11:00 PM
Thai Elephant Restaurant,"20 Regent St, Leamington Spa",01926 886882,http://thaielephantrestaurant.co.uk/,meal_takeaway,"Monday: 12:00 – 3:00 PM, 5:30 – 10:30 PM","Tuesday: 12:00 – 3:00 PM, 5:30 – 10:30 PM","Wednesday: 12:00 – 3:00 PM, 5:30 – 10:30 PM","Thursday: 12:00 – 3:00 PM, 5:30 – 10:30 PM","Friday: 12:00 – 3:00 PM, 5:30 – 10:30 PM","Saturday: 12:00 – 3:00 PM, 5:30 – 10:30 PM","Sunday: 12:00 – 3:00 PM, 5:30 – 10:30 PM"
Villa Capri Ristorante Italiano & Cocktail Lounge,"37 Regent Grove, Leamington Spa",01926 330001,https://villa-capri.co.uk/,restaurant,Monday: 12:00 PM – 12:00 AM,Tuesday: 12:00 PM – 12:00 AM,Wednesday: 12:00 PM – 12:00 AM,Thursday: 12:00 PM – 12:00 AM,Friday: 12:00 PM – 1:00 AM,Saturday: 12:00 PM – 1:00 AM,Sunday: 12:00 PM – 12:00 AM
Zizzi - Leamington Spa,"6, Regent House, Leamington Spa",01926 432532,https://www.zizzi.co.uk/?utm_source=google&utm_medium=organic&utm_campaign=panel,restaurant,Monday: 11:30 AM – 10:00 PM,Tuesday: 11:30 AM – 10:00 PM,Wednesday: 11:30 AM – 10:00 PM,Thursday: 11:30 AM – 10:00 PM,Friday: 11:30 AM – 11:00 PM,Saturday: 11:30 AM – 11:00 PM,Sunday: 11:30 AM – 10:00 PM
Il Piccolinos Ltd,"7-9 Spencer St, Leamington Spa",01926 422988,http://www.ilpiccolinos.co.uk/,bar,Monday: Closed,"Tuesday: 12:00 – 2:30 PM, 5:30 – 9:00 PM","Wednesday: 12:00 – 2:30 PM, 5:30 – 9:00 PM","Thursday: 12:00 – 2:30 PM, 5:30 – 9:00 PM","Friday: 12:00 – 2:30 PM, 5:30 – 10:00 PM",Saturday: 12:00 – 10:00 PM,Sunday: 12:00 – 9:00 PM
Kayal,"42 Regent St, Open, Royal Leamington Spa, Leamington Spa",07506 005695,http://www.kayalrestaurant.com/,restaurant,"Monday: 12:00 – 3:00 PM, 6:00 – 11:00 PM","Tuesday: 12:00 – 3:00 PM, 6:00 – 11:00 PM","Wednesday: 12:00 – 3:00 PM, 6:00 – 11:00 PM","Thursday: 12:00 – 3:00 PM, 6:00 – 11:00 PM","Friday: 12:00 – 3:00 PM, 6:00 – 11:00 PM",Saturday: 12:00 – 11:00 PM,Sunday: 12:00 – 10:00 PM
Elma Restaurant,"8-10 Augusta Pl, Leamington Spa",01926 257879,http://www.elmaleamington.com/,restaurant,Monday: Closed,Tuesday: 5:00 – 11:00 PM,Wednesday: 5:00 – 11:00 PM,Thursday: 5:00 – 11:00 PM,Friday: 5:00 – 11:00 PM,Saturday: 12:00 – 11:00 PM,Sunday: 12:00 – 11:00 PM
Nando's Leamington Spa,"Unit SU9b/10, Regent Court, 28 Livery St, Leamington Spa",01926 338976,https://www.nandos.co.uk/restaurants/leamington-spa?utm_campaign=websitecta_NA&utm_content=Multi-Chan_GB_NA_NA_NA_all_NA_NA_leamington-spa&utm_medium=mybusiness&utm_source=google&utm_term=Local,restaurant,Monday: 11:30 AM – 10:00 PM,Tuesday: 11:30 AM – 10:00 PM,Wednesday: 11:30 AM – 10:00 PM,Thursday: 11:30 AM – 10:00 PM,Friday: 11:30 AM – 10:00 PM,Saturday: 11:30 AM – 10:00 PM,Sunday: 11:30 AM – 10:00 PM
Sabai Sabai,"41-43 Regent St, Leamington Spa",01926 428088,http://www.sabaisabai.co.uk/,bar,Monday: Closed,Tuesday: 12:00 – 10:30 PM,Wednesday: 12:00 – 10:30 PM,Thursday: 12:00 – 10:30 PM,Friday: 12:00 – 10:30 PM,Saturday: 12:00 – 10:30 PM,Sunday: 12:00 – 10:30 PM
The Terrace | Bar & Restaurant | Leamington Spa,"2 Victoria Terrace, Leamington Spa",01926 959009,http://www.theterrace.uk/,restaurant,Monday: 12:00 PM – 12:00 AM,Tuesday: 12:00 PM – 12:00 AM,Wednesday: 12:00 PM – 12:00 AM,Thursday: 12:00 PM – 12:00 AM,Friday: 12:00 PM – 2:00 AM,Saturday: 12:00 PM – 2:00 AM,Sunday: 12:00 PM – 12:00 AM
Rustiq Restaurant Leamington,"50 Warwick St, Leamington Spa",01926 887388,https://www.rustiqrestaurant.co.uk/,restaurant,Monday: Closed,Tuesday: 12:00 – 10:00 PM,Wednesday: 12:00 – 10:00 PM,Thursday: 12:00 – 10:00 PM,Friday: 12:00 – 10:00 PM,Saturday: 12:00 – 10:00 PM,Sunday: 12:00 – 9:30 PM
I & A Restaurants Ltd,"34, The Parade, 34 Parade, Leamington Spa",Not Available,https://find-and-update.company-information.service.gov.uk/company/03917552,restaurant,Not Available,Not Available,Not Available,Not Available,Not Available,Not Available,Not Available
Pizza Express,"168 The Parade, Leamington Spa",01926 886866,https://www.pizzaexpress.com/leamington-spa?utm_source=GMB&utm_medium=Website&utm_campaign=GMB-WEB-711-leamington-spa,meal_takeaway,Monday: 11:30 AM – 10:00 PM,Tuesday: 11:30 AM – 10:00 PM,Wednesday: 11:30 AM – 10:00 PM,Thursday: 11:30 AM – 10:00 PM,Friday: 11:30 AM – 10:00 PM,Saturday: 11:30 AM – 10:00 PM,Sunday: 11:30 AM – 10:00 PM
Gourmet Burger Kitchen (GBK),"Unit 6, Regents Court, 18 Livery St, Leamington Spa",01926 886310,https://restaurants.gbk.co.uk/leamington-spa/leamington-spa,restaurant,Monday: 11:30 AM – 10:00 PM,Tuesday: 11:30 AM – 10:00 PM,Wednesday: 11:30 AM – 10:00 PM,Thursday: 11:30 AM – 10:00 PM,Friday: 11:30 AM – 10:30 PM,Saturday: 11:30 AM – 10:30 PM,Sunday: 11:30 AM – 9:30 PM
Libertine Burger,"97 Warwick St, Leamington Spa",01926 743535,http://www.libertineburger.com/,restaurant,Monday: 12:00 – 10:00 PM,Tuesday: 12:00 – 10:00 PM,Wednesday: 12:00 – 10:00 PM,Thursday: 12:00 – 10:00 PM,Friday: 12:00 – 10:00 PM,Saturday: 12:00 – 10:00 PM,Sunday: 12:00 – 10:00 PM
Hayashi Japanese Restaurant,"115 Warwick St, Leamington Spa",01926 257650,http://www.hayashi.uk/,restaurant,Monday: Closed,"Tuesday: 12:00 – 2:45 PM, 5:30 – 10:00 PM","Wednesday: 12:00 – 2:45 PM, 5:30 – 10:00 PM","Thursday: 12:00 – 2:45 PM, 5:30 – 10:00 PM","Friday: 12:00 – 2:45 PM, 5:30 – 10:30 PM","Saturday: 12:00 – 2:45 PM, 5:30 – 10:30 PM","Sunday: 12:00 – 2:45 PM, 5:30 – 10:00 PM"
Las Iguanas - Leamington Spa,"Regent Court, 21 Livery St, Leamington Spa",01926 968758,https://www.iguanas.co.uk/restaurants/leamingtonspa?utm_source=google&utm_medium=organic&utm_campaign=google_lpm_lasiguanas_leamingtonspa,restaurant,Monday: 11:00 AM – 11:00 PM,Tuesday: 11:00 AM – 11:00 PM,Wednesday: 11:00 AM – 11:00 PM,Thursday: 11:00 AM – 11:00 PM,Friday: 11:00 AM – 11:30 PM,Saturday: 11:00 AM – 11:30 PM,Sunday: 11:00 AM – 10:30 PM
Himalayan Restaurant & Bar,"58 Bath St, Leamington Spa",01926 888869,https://himalayan-restaurant.com/?utm_source=GMBwebsite&utm_medium=organic&utm_campaign=Google%20My%20Business,restaurant,Monday: Closed,Tuesday: 4:00 – 10:00 PM,Wednesday: 4:00 – 10:00 PM,Thursday: 4:00 – 10:00 PM,Friday: 4:00 – 11:00 PM,Saturday: 4:00 – 11:00 PM,Sunday: 4:00 – 10:00 PM
44 - Cafe - Bar - Bistro,"44 Clarendon St, Leamington Spa",01926 744744,https://www.44leamington.co.uk/,bar,Monday: Closed,Tuesday: Closed,Wednesday: 11:00 AM – 11:00 PM,Thursday: 11:00 AM – 11:00 PM,Friday: 10:00 AM – 12:00 AM,Saturday: 10:00 AM – 12:00 AM,Sunday: 10:00 AM – 8:00 PM
Bar + Block Steakhouse Leamington Spa,"Regency Arcade, 148-150 Parade, Leamington Spa",01926 563772,https://www.barandblock.co.uk/en-gb/locations/leamington-spa?cid=GLBC_40538475,bar,Monday: 6:30 AM – 11:00 PM,Tuesday: 6:30 AM – 11:00 PM,Wednesday: 6:30 AM – 11:00 PM,Thursday: 6:30 AM – 11:00 PM,Friday: 6:30 AM – 11:00 PM,Saturday: 7:00 AM – 11:00 PM,Sunday: 7:00 AM – 10:30 PM
Red Hot Mamma Leamington Spa,"108 Regent St, Leamington Spa",01926 336444,https://www.redhotmamma.co.uk/,restaurant,Monday: 12:00 – 10:00 PM,Tuesday: 12:00 – 10:00 PM,Wednesday: 12:00 – 10:00 PM,Thursday: 12:00 – 10:00 PM,Friday: 12:00 – 10:00 PM,Saturday: 12:00 – 10:00 PM,Sunday: 12:00 – 10:00 PM
Basement Browns - Leamington Spa,"77-79 Warwick St, Leamington Spa",01926 336333,http://www.basementbrowns.co/,restaurant,Monday: Closed,Tuesday: 12:00 – 10:00 PM,Wednesday: 12:00 – 10:00 PM,Thursday: 12:00 – 10:00 PM,Friday: 12:00 – 10:00 PM,Saturday: 12:00 – 10:00 PM,Sunday: 12:00 – 9:00 PM
wagamama leamington spa,"94 Parade, Leamington Spa",01926 833245,https://www.wagamama.com/restaurants/leamington-spa/leamington-spa,restaurant,Monday: 11:00 AM – 10:00 PM,Tuesday: 11:00 AM – 10:00 PM,Wednesday: 11:00 AM – 10:00 PM,Thursday: 11:00 AM – 10:00 PM,Friday: 11:00 AM – 11:00 PM,Saturday: 11:00 AM – 11:00 PM,Sunday: 11:00 AM – 10:00 PM
Lina's place,"Station Approach, Leamington Spa",01926 428838,Not Available,restaurant,Monday: Closed,Tuesday: 8:30 AM – 2:30 PM,Wednesday: 8:30 AM – 2:30 PM,"Thursday: 8:30 AM – 2:30 PM, 6:00 – 9:00 PM","Friday: 8:30 AM – 2:30 PM, 6:00 – 9:00 PM","Saturday: 8:00 AM – 3:00 PM, 6:30 – 9:00 PM",Sunday: 8:00 AM – 3:00 PM
BYB - Build Your Burger,"44 Warwick St, Leamington Spa",01926 491360,http://www.buildyourburger.co/,restaurant,Not Available,Not Available,Not Available,Not Available,Not Available,Not Available,Not Available
Banh Mi Ca Phe,"112 Regent St, Leamington Spa",01926 962566,https://www.banhmicaphe.co.uk/,restaurant,Monday: Closed,Tuesday: 10:00 AM – 4:00 PM,Wednesday: 10:00 AM – 4:00 PM,Thursday: 10:00 AM – 5:30 PM,Friday: 10:00 AM – 7:00 PM,Saturday: 10:00 AM – 7:00 PM,Sunday: 12:00 – 5:00 PM
Ayla Grill & Restaurant,"21 Bath St, Leamington Spa",01926 257273,https://aylarestaurant.co.uk/,restaurant,Monday: 5:00 PM – 12:00 AM,Tuesday: 5:00 PM – 12:00 AM,Wednesday: 5:00 PM – 12:00 AM,Thursday: 5:00 PM – 1:00 AM,Friday: 5:00 PM – 2:00 AM,Saturday: 5:00 PM – 2:00 AM,Sunday: 5:00 PM – 12:00 AM
We Love Pizza,"9 Regent Pl, Leamington Spa",01926 839581,http://www.welovepizza.uk/,restaurant,Monday: Closed,Tuesday: 5:00 – 9:30 PM,Wednesday: 5:00 – 10:00 PM,Thursday: 5:00 – 10:00 PM,Friday: 5:00 – 10:00 PM,Saturday: 4:00 – 10:00 PM,Sunday: 5:00 – 9:30 PM
Giggling Squid - Leamington Spa,"7 Satchwell Ct, Royal Priors Shopping Centre, Royal Leamington Spa, Leamington Spa",01926 883299,https://www.gigglingsquid.com/restaurant/leamington-spa/?utm_source=google+bau&utm_medium=mybusiness&utm_campaign=leamingtonspa&utm_term=website&y_source=1_MjU0Njc4MjYtNzE1LWxvY2F0aW9uLndlYnNpdGU%3D,meal_takeaway,Monday: 12:00 – 10:30 PM,Tuesday: 12:00 – 10:30 PM,Wednesday: 12:00 – 10:30 PM,Thursday: 12:00 – 10:30 PM,Friday: 12:00 – 10:30 PM,Saturday: 12:00 – 10:30 PM,Sunday: 12:00 – 10:30 PM
Habano Restaurant Leamington,"48 Warwick St, Leamington Spa",01926 257880,http://www.habanorestaurant.co.uk/,cafe,Monday: 9:00 AM – 4:00 PM,Tuesday: 9:00 AM – 4:00 PM,Wednesday: 9:00 AM – 4:00 PM,Thursday: 9:00 AM – 10:00 PM,Friday: 9:00 AM – 10:00 PM,Saturday: 9:00 AM – 10:00 PM,Sunday: 9:00 AM – 4:00 PM
Whittle's Restaurant,"Binswood Ave, Leamington Spa",01926 258848,https://www.whittlesrestaurant.co.uk/?utm_source=googlemybusiness&utm_medium=organic&utm_campaign=googlemybusiness-whi&utm_content=restaurant,restaurant,Monday: 12:00 – 7:00 PM,Tuesday: 12:00 – 7:00 PM,Wednesday: 12:00 – 7:00 PM,Thursday: 12:00 – 7:30 PM,Friday: 12:00 – 7:30 PM,Saturday: 12:00 – 7:30 PM,Sunday: 12:00 – 5:00 PM
Phoenix,"11 Euston Pl, Leamington Spa",01926 424479,https://www.phoenixleamingtonspa.com/,bar,Monday: Closed,Tuesday: 6:00 – 10:00 PM,Wednesday: 6:00 – 10:00 PM,Thursday: 6:00 – 10:00 PM,"Friday: 12:00 – 2:00 PM, 6:00 – 10:30 PM","Saturday: 12:00 – 2:00 PM, 6:00 – 10:30 PM","Sunday: 12:00 – 3:00 PM, 6:00 – 11:00 PM"
Wofon,"21 Regent Grove, Leamington Spa",01926 330399,http://www.wofon.co.uk/,restaurant,Monday: 5:30 – 10:30 PM,"Tuesday: 12:00 – 3:00 PM, 5:30 – 10:30 PM","Wednesday: 12:00 – 3:00 PM, 5:30 – 10:30 PM","Thursday: 12:00 – 3:00 PM, 5:30 – 10:30 PM","Friday: 12:00 – 3:00 PM, 5:30 – 10:30 PM",Saturday: 12:00 – 10:30 PM,Sunday: Closed
Sizzlers Indian Restaurant,"32A Bath St, Leamington Spa",01926 426476,http://sizzlerscv31.co.uk/,restaurant,Monday: 5:15 PM – 12:15 AM,Tuesday: 5:15 PM – 12:15 AM,Wednesday: 5:15 PM – 12:15 AM,Thursday: 5:15 PM – 12:15 AM,Friday: 5:15 PM – 1:15 AM,Saturday: 5:15 PM – 1:15 AM,Sunday: 5:15 PM – 12:25 AM
The RiverCross Warwick,"204 Emscote Rd, Warwick",01926 734086,Not Available,restaurant,Monday: Closed,Tuesday: 12:00 – 9:00 PM,Wednesday: 12:00 – 9:00 PM,Thursday: 12:00 – 9:00 PM,Friday: 12:00 – 10:00 PM,Saturday: 12:00 – 10:00 PM,Sunday: 12:00 – 9:00 PM
Dwarakamai,"29 Augusta Pl, Leamington Spa",01926 962424,Not Available,restaurant,"Monday: 12:00 – 3:00 PM, 5:00 – 10:30 PM","Tuesday: 12:00 – 3:00 PM, 5:00 – 10:30 PM","Wednesday: 12:00 – 3:00 PM, 5:00 – 10:30 PM","Thursday: 12:00 – 3:00 PM, 5:00 – 10:30 PM",Friday: 12:00 – 10:30 PM,Saturday: 12:00 – 10:30 PM,Sunday: 12:00 – 10:00 PM
Been,"29 Chandos St, Leamington Spa",01926 431935,http://www.beenrestaurant.co.uk/,bar,"Monday: 12:00 – 2:00 PM, 5:00 – 10:00 PM",Tuesday: Closed,"Wednesday: 12:00 – 2:00 PM, 5:00 – 10:00 PM","Thursday: 12:00 – 2:00 PM, 5:00 – 10:00 PM","Friday: 12:00 – 2:00 PM, 5:00 – 10:00 PM","Saturday: 12:00 – 2:00 PM, 5:00 – 10:00 PM","Sunday: 12:00 – 2:00 PM, 5:00 – 10:00 PM"
The Star & Garter,"4-6 Warwick St, Leamington Spa",01926 359960,http://starandgarterleamington.co.uk/,bar,Monday: 11:00 AM – 11:00 PM,Tuesday: 11:00 AM – 11:00 PM,Wednesday: 11:00 AM – 11:00 PM,Thursday: 11:00 AM – 11:00 PM,Friday: 11:00 AM – 12:00 AM,Saturday: 11:00 AM – 12:00 AM,Sunday: 11:00 AM – 10:00 PM
Millennium Balti,"41 Bath St, Leamington Spa",01926 425184,http://www.millenniumbaltionlinenow.co.uk/,meal_takeaway,Monday: 5:30 – 10:00 PM,Tuesday: 5:30 – 10:00 PM,Wednesday: 5:30 – 10:00 PM,Thursday: 5:30 – 10:00 PM,Friday: 5:30 – 10:30 PM,Saturday: 5:30 – 10:30 PM,Sunday: Closed
Ruby,"19 Park St, Leamington Spa",01926 887888,http://www.rubyleamingtonspa.co.uk/,restaurant,Monday: 5:00 – 11:00 PM,Tuesday: 5:00 – 11:00 PM,Wednesday: 5:00 – 11:00 PM,"Thursday: 12:00 – 2:00 PM, 5:00 – 11:00 PM","Friday: 12:00 – 2:00 PM, 5:00 – 11:00 PM","Saturday: 12:00 – 2:00 PM, 5:00 – 11:00 PM","Sunday: 12:00 – 2:00 PM, 5:00 – 11:00 PM"
Bodega Cantina,"108 Parade, Leamington Spa",01926 930063,http://www.bodegacantina.co.uk/locations/leamington,restaurant,Monday: Closed,Tuesday: Closed,Wednesday: 5:00 – 11:00 PM,Thursday: 5:00 – 11:00 PM,Friday: 11:30 AM – 11:00 PM,Saturday: 11:30 AM – 11:00 PM,Sunday: 11:30 AM – 10:00 PM
Carluccio's,"1-3, Satchwell Court, Royal Priors Shopping Centre, Leamington Spa",01926 958733,http://www.carluccios.com/restaurants/leamington-spa,cafe,Monday: 8:00 AM – 8:00 PM,Tuesday: 8:00 AM – 8:00 PM,Wednesday: 8:00 AM – 8:00 PM,Thursday: 8:00 AM – 8:00 PM,Friday: 8:00 AM – 9:00 PM,Saturday: 8:00 AM – 9:00 PM,Sunday: 8:00 AM – 8:00 PM
Five Rivers,"20-22 Victoria Terrace, Leamington Spa",01926 431999,http://www.fiveriversrestaurant.co.uk/,meal_takeaway,"Monday: 12:00 – 2:30 PM, 5:30 – 11:00 PM","Tuesday: 12:00 – 2:30 PM, 5:30 – 11:00 PM","Wednesday: 12:00 – 2:30 PM, 5:30 – 11:00 PM","Thursday: 12:00 – 2:30 PM, 5:30 – 11:00 PM","Friday: 12:00 – 2:30 PM, 5:30 – 11:00 PM","Saturday: 12:00 – 2:30 PM, 5:30 – 11:00 PM","Sunday: 12:00 – 2:30 PM, 5:30 – 10:00 PM"
Shawarma Grill,"8 Spencer St, Leamington Spa",01926 316990,http://shawarma-grill.co.uk/,restaurant,Monday: 4:00 – 11:00 PM,Tuesday: 4:00 – 11:00 PM,Wednesday: 4:00 – 11:00 PM,Thursday: 4:00 – 11:00 PM,Friday: 4:00 – 11:00 PM,Saturday: 4:00 – 11:00 PM,Sunday: Closed
Dodo Pizza,"52-60 Warwick St, Royal Leamington Spa, Leamington Spa",01926 885801,https://dodopizza.co.uk/Leamington/leamington-1,restaurant,Monday: 12:00 – 11:00 PM,Tuesday: 12:00 – 11:00 PM,Wednesday: 12:00 – 11:00 PM,Thursday: 12:00 – 11:00 PM,Friday: 12:00 PM – 1:00 AM,Saturday: 12:00 PM – 1:00 AM,Sunday: 12:00 – 11:00 PM
La Bottega,"45 Regent St, Leamington Spa",01926 334987,https://www.labottega-leamingtonspa.co.uk/,restaurant,Monday: Closed,Tuesday: 12:00 – 9:00 PM,Wednesday: 12:00 – 9:00 PM,Thursday: 12:00 – 10:00 PM,Friday: 12:00 – 10:00 PM,Saturday: 12:00 – 10:00 PM,Sunday: 12:00 – 6:00 PM
Viallis Fast Food,"24 Victoria Terrace, Leamington Spa",01926 313044,https://www.viallisfastfood.co.uk/,meal_delivery,Monday: 11:00 AM – 3:00 AM,Tuesday: 11:00 AM – 3:00 AM,Wednesday: 11:00 AM – 3:00 AM,Thursday: 11:00 AM – 4:00 AM,Friday: 11:00 AM – 4:30 AM,Saturday: 11:00 AM – 4:30 AM,Sunday: 12:00 PM – 2:30 AM
Paprika Club,"22 Regent St, Leamington Spa",01926 428272,http://www.paprikaclub.co.uk/,restaurant,Monday: 5:00 – 11:30 PM,Tuesday: 5:00 – 11:30 PM,Wednesday: 5:00 – 11:30 PM,Thursday: 5:00 – 11:30 PM,Friday: 5:00 PM – 12:00 AM,Saturday: 5:00 PM – 12:00 AM,Sunday: 5:00 – 11:30 PM
Nana's Japanese,"31 Regent St, Leamington Spa",01926 311323,http://www.nanasfoods.co.uk/,restaurant,Monday: Closed,Tuesday: 12:30 – 2:30 PM,Wednesday: 12:30 – 2:30 PM,"Thursday: 12:30 – 2:30 PM, 6:00 – 9:30 PM","Friday: 12:30 – 2:30 PM, 6:00 – 10:30 PM","Saturday: 12:30 – 2:30 PM, 6:00 – 10:30 PM",Sunday: Closed
Emperors,"2 Bath Pl, Leamington Spa",01926 313030,https://emperorsrestaurant.co.uk/,restaurant,Monday: 6:00 – 10:30 PM,"Tuesday: 12:00 – 2:00 PM, 6:00 – 10:30 PM","Wednesday: 12:00 – 2:00 PM, 6:00 – 10:30 PM","Thursday: 12:00 – 2:00 PM, 6:00 – 10:30 PM","Friday: 12:00 – 2:00 PM, 6:00 – 10:30 PM","Saturday: 12:00 – 2:00 PM, 6:00 – 10:30 PM",Sunday: Closed
Tear A Byte,"2 High St, Leamington Spa",01926 330220,http://tearabyte.co.uk/,restaurant,Monday: 4:00 – 11:00 PM,Tuesday: 4:00 – 11:00 PM,Wednesday: 4:00 – 11:00 PM,Thursday: 4:00 – 11:00 PM,Friday: 4:00 – 11:00 PM,Saturday: 4:00 – 11:00 PM,Sunday: 4:00 – 11:00 PM
YO! Leamington Spa,"Unit 12, Regent Court, Livery St, Leamington Spa",01926 681200,https://yosushi.com/restaurants/leamington-spa,restaurant,Monday: 11:00 AM – 9:00 PM,Tuesday: 11:00 AM – 9:00 PM,Wednesday: 11:00 AM – 9:00 PM,Thursday: 11:00 AM – 9:00 PM,Friday: 11:00 AM – 9:00 PM,Saturday: 11:00 AM – 9:00 PM,Sunday: 11:00 AM – 9:00 PM
Eleven Spices,"11 Spencer St, Leamington Spa",Not Available,https://elevenspices.co.uk/,restaurant,Monday: Closed,Tuesday: 5:30 – 10:00 PM,Wednesday: 5:30 – 10:00 PM,Thursday: 5:30 – 10:00 PM,Friday: 5:30 – 10:30 PM,Saturday: 5:30 – 10:30 PM,Sunday: 5:30 – 10:00 PM
Greek Zante Street Leamington Spa,"29 Bath St, Leamington Spa",01926 431444,http://greekzantestreetfood.co.uk/,restaurant,Monday: Closed,Tuesday: 2:30 – 10:00 PM,Wednesday: 2:30 – 10:00 PM,Thursday: 2:30 – 10:00 PM,Friday: 11:30 AM – 10:00 PM,Saturday: 11:30 AM – 10:00 PM,Sunday: 2:00 – 10:00 PM
7 Square Restaurant,"7 Old Square, Warwick",01926 411755,https://www.7square.co.uk/,restaurant,Monday: 10:00 AM – 11:00 PM,Tuesday: 10:00 AM – 11:00 PM,Wednesday: 10:00 AM – 11:00 PM,Thursday: 10:00 AM – 11:00 PM,Friday: 10:00 AM – 11:00 PM,Saturday: 10:00 AM – 11:00 PM,Sunday: 10:00 AM – 11:00 PM
Il Piccolinos Ltd,"31 Smith St, Warwick",01926 491020,http://ilpiccolinos.co.uk/,bar,Monday: Closed,"Tuesday: 12:00 – 2:30 PM, 5:30 – 9:30 PM","Wednesday: 12:00 – 2:30 PM, 5:30 – 9:30 PM","Thursday: 12:00 – 2:30 PM, 5:30 – 9:30 PM","Friday: 12:00 – 2:30 PM, 5:30 – 10:00 PM",Saturday: 12:00 – 10:00 PM,Sunday: 12:00 – 9:00 PM
La Mesa,"5B Old Square, Warwick",07528 080151,http://www.lamesa.squarespace.com/,restaurant,Monday: Closed,Tuesday: Closed,Wednesday: 7:00 – 11:00 PM,Thursday: 7:00 – 11:00 PM,Friday: 7:00 – 11:00 PM,Saturday: 7:00 – 11:00 PM,Sunday: Closed
Tasca Dali,"15 High St, Warwick",07445 223527,https://tascadali.com/,restaurant,Monday: 5:00 – 11:00 PM,Tuesday: 5:00 – 11:00 PM,Wednesday: 5:00 – 11:00 PM,Thursday: 5:00 – 11:00 PM,Friday: 5:00 – 11:00 PM,Saturday: 5:00 – 11:00 PM,Sunday: 5:00 – 11:00 PM
Warwick Spice Indian and Bangladeshi Restaurant,"24 Smith St, Warwick",01926 491736,http://warwickspice.co.uk/,restaurant,Monday: 5:30 – 10:00 PM,Tuesday: 5:30 – 10:00 PM,Wednesday: 5:30 – 10:00 PM,Thursday: 5:30 – 10:00 PM,Friday: 5:30 – 10:00 PM,Saturday: 5:30 – 10:00 PM,Sunday: 5:30 – 10:00 PM
Vivaanta Indian Restaurant & Bar,"54 West St, Warwick",01926 408408,http://www.vivaanta.co.uk/,restaurant,Monday: 5:30 – 11:00 PM,Tuesday: 5:30 – 11:00 PM,Wednesday: 5:30 – 11:00 PM,Thursday: 5:30 – 11:00 PM,Friday: 5:30 – 11:00 PM,Saturday: 5:30 – 11:00 PM,Sunday: 5:30 – 11:00 PM
Pizza Express,"33-35 Jury St, Warwick",01926 407895,https://www.pizzaexpress.com/warwick?utm_source=GMB&utm_medium=Website&utm_campaign=GMB-WEB-3220-warwick,meal_takeaway,Monday: 11:30 AM – 10:00 PM,Tuesday: 11:30 AM – 10:00 PM,Wednesday: 11:30 AM – 10:00 PM,Thursday: 11:30 AM – 10:00 PM,Friday: 11:30 AM – 10:00 PM,Saturday: 11:30 AM – 10:00 PM,Sunday: 11:30 AM – 10:00 PM
Jambavan,"6 Castle St, Warwick",01926 496511,http://www.jambavan.co.uk/,restaurant,Monday: Closed,Tuesday: 5:30 – 10:30 PM,Wednesday: 5:30 – 10:30 PM,Thursday: 5:30 – 10:30 PM,Friday: 5:30 – 10:30 PM,Saturday: 5:30 – 10:30 PM,Sunday: Closed
The Aubergine Turkish Restaurant,"32 Smith St, Warwick",07915 544091,http://www.aubergineturkishrestaurant.co.uk/,restaurant,Monday: Closed,Tuesday: Closed,Wednesday: 5:00 – 10:00 PM,Thursday: 5:00 – 10:00 PM,Friday: 5:00 – 10:00 PM,Saturday: 12:00 – 11:00 PM,Sunday: 12:00 – 9:00 PM
Dough & Brew,"45 Brook St, Warwick",01926 401111,http://www.doughandbrew.com/,bar,Monday: Closed,Tuesday: Closed,Wednesday: 12:00 – 10:00 PM,Thursday: 12:00 – 10:00 PM,Friday: 12:00 – 10:00 PM,Saturday: 9:00 AM – 10:00 PM,Sunday: 9:00 AM – 7:30 PM
The Globe,"10 Theatre St, Warwick",01926 479100,http://www.theglobewarwick.co.uk/?utm_source=Yext&utm_medium=GMB,restaurant,Monday: 8:00 AM – 11:00 PM,Tuesday: 8:00 AM – 11:00 PM,Wednesday: 8:00 AM – 11:00 PM,Thursday: 8:00 AM – 11:00 PM,Friday: 8:00 AM – 12:00 AM,Saturday: 8:00 AM – 12:00 AM,Sunday: 8:00 AM – 10:30 PM
The Art Kitchen,"7 Swan St, Warwick",01926 494303,https://www.theartkitchen.com/,restaurant,Monday: 12:00 – 10:00 PM,Tuesday: 12:00 – 10:00 PM,Wednesday: 12:00 – 10:00 PM,Thursday: 12:00 – 10:00 PM,Friday: 12:00 – 10:00 PM,Saturday: 12:00 – 10:00 PM,Sunday: 12:00 – 10:00 PM
Castle Balti,"11-13 St Johns, Warwick",01926 493007,http://www.castlebalti.com/,meal_takeaway,Monday: 5:30 – 11:00 PM,Tuesday: 5:30 – 11:00 PM,Wednesday: 5:30 – 11:00 PM,Thursday: 5:30 – 11:00 PM,Friday: 5:30 – 11:30 PM,Saturday: 5:30 – 11:30 PM,Sunday: 5:30 – 11:00 PM
Totally Thai,"16 Market Pl, Warwick",01926 496187,http://www.totallythai.co.uk/,restaurant,Monday: 5:00 – 10:00 PM,Tuesday: 5:00 – 10:00 PM,Wednesday: 5:00 – 10:00 PM,Thursday: 5:00 – 10:00 PM,Friday: 5:00 – 10:00 PM,Saturday: 5:00 – 10:00 PM,Sunday: Closed
The Roebuck Inn,"57 Smith St, Warwick",01926 494900,http://www.theroebuckwarwick.co.uk/,bar,Monday: 12:00 – 11:00 PM,Tuesday: 12:00 – 11:00 PM,Wednesday: 12:00 – 11:00 PM,Thursday: 12:00 – 11:00 PM,Friday: 12:00 – 11:00 PM,Saturday: 12:00 – 11:00 PM,Sunday: 12:00 – 11:00 PM
Panache Balti Restaurant,"5 St Johns, Warwick",01926 409400,http://www.panachebaltiwarwick.co.uk/,meal_takeaway,Monday: 5:00 – 10:30 PM,Tuesday: Closed,Wednesday: 5:00 – 10:30 PM,Thursday: 5:00 – 10:30 PM,Friday: 5:00 – 10:30 PM,Saturday: 5:00 – 10:30 PM,Sunday: 5:00 – 10:30 PM
Aqua Food & Mood Lebanese Restaurant,"12-14 Jury St, Warwick",01926 495491,http://www.aqua-food-mood.co.uk/,restaurant,Monday: Closed,Tuesday: 5:30 – 10:30 PM,Wednesday: 5:30 – 10:30 PM,Thursday: 5:30 – 10:30 PM,Friday: 5:30 – 11:00 PM,Saturday: 12:00 AM – 11:00 PM,Sunday: 2:00 PM – 10:30 AM
Giggling Squid - Warwick,"1-3 High St, Warwick",01926 497542,https://www.gigglingsquid.com/restaurant/warwick/?utm_source=google+bau&utm_medium=mybusiness&utm_campaign=warwick&utm_term=website&y_source=1_MjU0Njc4MDAtNzE1LWxvY2F0aW9uLndlYnNpdGU%3D,meal_takeaway,Monday: 12:00 – 10:30 PM,Tuesday: 12:00 – 10:30 PM,Wednesday: 12:00 – 10:30 PM,Thursday: 12:00 – 10:30 PM,Friday: 12:00 – 10:30 PM,Saturday: 12:00 – 10:30 PM,Sunday: 12:00 – 10:30 PM
Fourpenny Shop Hotel & Restaurant,"27-29 Crompton St, Warwick",01926 491360,http://www.4pennyhotel.co.uk/,bar,Not Available,Not Available,Not Available,Not Available,Not Available,Not Available,Not Available
The Warwick Arms Hotel Restaurant,"17 High St, Warwick",01926 492759,http://www.warwickarmshotel.com/,restaurant,Monday: 7:00 AM – 9:00 PM,Tuesday: 7:00 AM – 9:00 PM,Wednesday: 7:00 AM – 9:00 PM,Thursday: 7:00 AM – 9:00 PM,Friday: 7:00 AM – 9:00 PM,Saturday: 7:30 AM – 9:00 PM,Sunday: 8:00 AM – 5:00 PM
Red Hot Mamma Warwick,"62 Market Pl, Warwick",01926 821031,https://www.redhotmamma.co.uk/warwick,restaurant,Monday: 4:00 – 10:00 PM,Tuesday: 4:00 – 10:00 PM,Wednesday: 4:00 – 10:00 PM,Thursday: 4:00 – 10:00 PM,Friday: 12:00 – 10:00 PM,Saturday: 12:00 – 10:00 PM,Sunday: 12:00 – 9:00 PM
The Chip Shed - Warwick,"Swan St, Warwick",01926 498014,http://www.chipshed.co.uk/,meal_takeaway,Monday: 11:30 AM – 10:00 PM,Tuesday: 11:30 AM – 10:00 PM,Wednesday: 11:30 AM – 10:00 PM,Thursday: 11:30 AM – 10:00 PM,Friday: 11:30 AM – 10:00 PM,Saturday: 11:30 AM – 10:00 PM,Sunday: 11:30 AM – 9:00 PM
Saffron Gold,"Westgate Cl, Warwick",01926 402061,http://saffrongoldwarwick.co.uk/,restaurant,Monday: Closed,Tuesday: 5:00 – 11:00 PM,Wednesday: 5:00 – 11:00 PM,Thursday: 5:00 – 11:00 PM,Friday: 5:00 – 11:00 PM,Saturday: 5:00 – 11:00 PM,Sunday: 5:00 – 11:00 PM
The Rose & Crown,"30 Market Pl, Warwick",01926 411117,http://www.roseandcrownwarwick.co.uk/,bar,Monday: 7:30 AM – 11:00 PM,Tuesday: 7:30 AM – 11:00 PM,Wednesday: 7:30 AM – 11:00 PM,Thursday: 7:30 AM – 11:00 PM,Friday: 7:30 AM – 11:00 PM,Saturday: 8:00 AM – 11:00 PM,Sunday: 8:00 AM – 10:00 PM
Chopsticks,"19-21 Smith St, Warwick",01926 479188,http://www.chopsticks-warwick.co.uk/,meal_takeaway,Monday: 5:00 – 11:00 PM,Tuesday: 5:00 – 11:00 PM,Wednesday: 5:00 – 11:00 PM,Thursday: 5:00 – 11:00 PM,Friday: 1:00 – 11:00 PM,Saturday: 1:00 – 11:00 PM,Sunday: 1:00 – 10:30 PM
Big Malakas,"69 Coten End, Warwick",Not Available,http://www.big-malakas.com/,restaurant,Monday: Closed,Tuesday: Closed,Wednesday: Closed,Thursday: 4:00 – 9:00 PM,Friday: 4:00 – 9:00 PM,Saturday: 4:00 – 9:00 PM,Sunday: 4:00 – 9:00 PM
The Old Coffee Tavern,"16 Old Square, Warwick",01926 679737,http://www.theoldcoffeetavern.co.uk/,bar,Monday: 12:00 – 11:00 PM,Tuesday: 12:00 – 11:00 PM,Wednesday: 12:00 – 11:00 PM,Thursday: 12:00 – 11:00 PM,Friday: 12:00 – 11:00 PM,Saturday: 12:00 – 11:00 PM,Sunday: 12:00 – 6:00 PM
McDonald's Warwick,"Emscote Rd, Warwick",01926 490867,http://www.mcdonalds.com/,restaurant,Monday: 6:00 AM – 11:00 PM,Tuesday: 6:00 AM – 11:00 PM,Wednesday: 6:00 AM – 11:00 PM,Thursday: 6:00 AM – 11:00 PM,Friday: 6:00 AM – 11:00 PM,Saturday: 6:00 AM – 11:00 PM,Sunday: 6:00 AM – 11:00 PM
The Racehorse,"34 Stratford Rd, Warwick",01926 496705,https://racehorsewarwick.co.uk/,restaurant,Monday: 12:00 – 10:00 PM,Tuesday: 12:00 – 10:00 PM,Wednesday: 12:00 – 10:00 PM,Thursday: 12:00 – 10:00 PM,Friday: 12:00 – 11:00 PM,Saturday: 12:00 – 11:00 PM,Sunday: 12:00 – 9:00 PM
Baabzi Indian Takeaway,"35 Coten End, Warwick",01926 492563,http://www.baabziwarwick.co.uk/,meal_takeaway,Monday: 5:30 – 11:00 PM,Tuesday: Closed,Wednesday: 5:30 – 11:00 PM,Thursday: 5:30 – 11:00 PM,Friday: 5:30 – 11:00 PM,Saturday: 5:30 – 11:00 PM,Sunday: 5:30 – 11:00 PM
Happy Puccia Ltd,"61 Smith St, Warwick",01926 289714,Not Available,cafe,Monday: Closed,Tuesday: 10:00 AM – 3:00 PM,Wednesday: 10:00 AM – 3:00 PM,Thursday: 10:00 AM – 3:00 PM,Friday: 10:00 AM – 3:00 PM,Saturday: 10:00 AM – 3:00 PM,Sunday: 10:00 AM – 3:00 PM
Sai National family restaurant veg& nonveg,"Dongan Rd, Warwick",Not Available,Not Available,restaurant,Not Available,Not Available,Not Available,Not Available,Not Available,Not Available,Not Available
Jack's Shack Warwick,"3c Jury St, Warwick",07539 373515,https://www.facebook.com/jacksshackwarwick/?modal=admin_todo_tour,cafe,Monday: Closed,Tuesday: 7:30 AM – 3:00 PM,Wednesday: 7:30 AM – 3:00 PM,Thursday: 7:30 AM – 3:00 PM,Friday: 7:30 AM – 3:00 PM,Saturday: 7:30 AM – 3:00 PM,Sunday: Closed
Two Brother's cafe and bruncherie,"26 Market Pl, Warwick",01926 400580,http://twobroscafe.square.site/,cafe,Monday: Closed,Tuesday: Closed,Wednesday: 7:30 AM – 4:00 PM,Thursday: 7:30 AM – 4:00 PM,Friday: 7:30 AM – 7:00 PM,Saturday: 7:30 AM – 7:00 PM,Sunday: 7:30 AM – 2:00 PM
New Bowling Green,"13 St Nicholas Church St, Warwick",01926 411470,http://www.newbowlinggreenwarwick.co.uk/,bar,Monday: 5:00 – 11:00 PM,Tuesday: 5:00 – 11:00 PM,Wednesday: 12:00 – 11:00 PM,Thursday: 12:00 – 11:00 PM,Friday: 12:00 – 11:00 PM,Saturday: 12:00 – 11:00 PM,Sunday: 12:00 – 7:00 PM
Bonito,"11 Old Square, Warwick",07463 445487,https://bonitowarwick.squarespace.com/,cafe,Monday: Closed,Tuesday: Closed,Wednesday: Closed,Thursday: 6:00 – 11:00 PM,Friday: 6:00 – 11:00 PM,Saturday: 6:00 – 11:00 PM,Sunday: Closed
telvor tor bar,"31 High St, Warwick",Not Available,Not Available,bar,Not Available,Not Available,Not Available,Not Available,Not Available,Not Available,Not Available
Domino's Pizza - Warwick,"21 St Johns, Coventry Rd, Warwick",01926 411003,https://www.dominos.co.uk/pizza-near-me/warwick/21-st-johns?utm_source=gmb&utm_medium=yext&y_source=1_MTIxMzc1MDItNzE1LWxvY2F0aW9uLndlYnNpdGU%3D,meal_takeaway,Monday: 11:00 AM – 12:00 AM,Tuesday: 11:00 AM – 12:00 AM,Wednesday: 11:00 AM – 12:00 AM,Thursday: 11:00 AM – 12:00 AM,Friday: 11:00 AM – 1:00 AM,Saturday: 11:00 AM – 1:00 AM,Sunday: 11:00 AM – 12:00 AM
Pastelaria Portuguesa,"57 Coten End, Warwick",01926 475871,Not Available,cafe,Monday: 8:30 AM – 4:00 PM,Tuesday: 8:30 AM – 4:00 PM,Wednesday: 8:30 AM – 4:00 PM,Thursday: 8:30 AM – 4:00 PM,Friday: 8:30 AM – 4:00 PM,Saturday: 8:30 AM – 4:00 PM,Sunday: 8:30 AM – 4:00 PM
Great Wall,"65 Coten End, Warwick",01926 494938,Not Available,meal_takeaway,Monday: 5:00 – 11:00 PM,Tuesday: Closed,Wednesday: 5:00 – 11:00 PM,Thursday: 5:00 – 11:00 PM,Friday: 5:00 – 11:00 PM,Saturday: 5:00 – 11:00 PM,Sunday: 5:00 – 11:00 PM
Rumba,"39 Saltisford, Warwick",01926 775177,http://www.rumbawarwick.co.uk/,restaurant,Monday: 6:00 – 8:30 PM,Tuesday: 6:00 – 8:30 PM,Wednesday: 6:00 – 8:30 PM,Thursday: 6:00 – 8:30 PM,Friday: 5:00 – 9:00 PM,Saturday: 5:00 – 9:00 PM,Sunday: 1:00 – 4:30 PM
Honey Blue,"16, 18 High St, Warwick",Not Available,https://www.facebook.com/cafehoneyblue,cafe,Monday: 8:00 AM – 6:00 PM,Tuesday: 8:00 AM – 6:00 PM,Wednesday: 8:00 AM – 6:00 PM,Thursday: 8:00 AM – 6:00 PM,Friday: 8:00 AM – 6:00 PM,Saturday: 8:00 AM – 6:00 PM,Sunday: 8:00 AM – 6:00 PM
The Orient,"174A Emscote Rd, Warwick",01926 490680,http://www.everymenu.co.uk/warwick/chinese/the_orient-6103.htm,meal_takeaway,Monday: Closed,Tuesday: Closed,Wednesday: Closed,Thursday: 5:00 – 10:30 PM,Friday: 5:00 – 10:00 PM,Saturday: 5:00 – 10:00 PM,Sunday: 5:00 – 10:00 PM
Tilted Wig,"11 Market Pl, Warwick",01926 400110,http://www.tiltedwigwarwick.co.uk/,bar,Monday: 7:30 AM – 11:00 PM,Tuesday: 7:30 AM – 11:00 PM,Wednesday: 7:30 AM – 11:00 PM,Thursday: 7:30 AM – 11:00 PM,Friday: 7:30 AM – 12:00 AM,Saturday: 8:30 AM – 12:00 AM,Sunday: 8:30 AM – 11:00 PM
pawpaw limited,"40 West St, Warwick",01926 492886,http://www.pawpawgroup.com/,meal_takeaway,Monday: 5:00 – 9:30 PM,Tuesday: 5:00 – 9:30 PM,Wednesday: 5:00 – 9:30 PM,Thursday: 5:00 – 9:30 PM,Friday: 5:00 – 9:30 PM,Saturday: 5:00 – 9:30 PM,Sunday: 5:00 – 9:30 PM
St Johns Fish Bar,"31 St Johns, Warwick",01926 493727,http://www.stjohns-fishbar.co.uk/,meal_takeaway,Monday: 11:30 AM – 9:00 PM,Tuesday: 11:30 AM – 9:00 PM,Wednesday: 11:30 AM – 9:00 PM,Thursday: 11:30 AM – 9:00 PM,Friday: 11:30 AM – 9:00 PM,Saturday: 11:30 AM – 9:00 PM,Sunday: 4:00 – 9:00 PM
The Warwick Arms Hotel,"17 High St, Warwick",01926 492759,http://www.warwickarmshotel.com/,bar,Monday: Open 24 hours,Tuesday: Open 24 hours,Wednesday: Open 24 hours,Thursday: Open 24 hours,Friday: Open 24 hours,Saturday: Open 24 hours,Sunday: Open 24 hours
Subway,"19 St Johns, Warwick",01926 401119,https://restaurants.subway.com/united-kingdom/en/warwick/19-st-john%E2%80%99s?utm_source=yxt-goog&utm_medium=local&utm_term=acq&utm_content=37863&utm_campaign=evergreen-2020&y_source=1_MTQ5MjUxNTMtNzE1LWxvY2F0aW9uLndlYnNpdGU%3D,meal_takeaway,Monday: 8:00 AM – 8:00 PM,Tuesday: 8:00 AM – 8:00 PM,Wednesday: 8:00 AM – 8:00 PM,Thursday: 8:00 AM – 8:00 PM,Friday: 8:00 AM – 9:00 PM,Saturday: 8:00 AM – 9:00 PM,Sunday: 10:00 AM – 8:00 PM
China City,"8 West St, Warwick",01926 492863,https://chinacitywarwick.co.uk/XYBC,meal_takeaway,Monday: Closed,Tuesday: 5:00 – 11:00 PM,Wednesday: 5:00 – 11:00 PM,Thursday: 5:00 – 11:00 PM,Friday: 5:00 – 11:00 PM,Saturday: 5:00 – 11:00 PM,Sunday: 5:00 – 11:00 PM
Bread & Co,"60 Smith St, Warwick",01926 493089,http://www.breadandco.co.uk/,cafe,Monday: Closed,Tuesday: 9:00 AM – 4:00 PM,Wednesday: 9:00 AM – 4:00 PM,Thursday: 9:00 AM – 4:00 PM,Friday: 9:00 AM – 4:00 PM,Saturday: 9:00 AM – 4:30 PM,Sunday: 10:00 AM – 4:00 PM
The Star & Garter,"4-6 Warwick St, Leamington Spa",01926 359960,http://starandgarterleamington.co.uk/,restaurant,Monday: 11:00 AM – 11:00 PM,Tuesday: 11:00 AM – 11:00 PM,Wednesday: 11:00 AM – 11:00 PM,Thursday: 11:00 AM – 11:00 PM,Friday: 11:00 AM – 12:00 AM,Saturday: 11:00 AM – 12:00 AM,Sunday: 11:00 AM – 10:00 PM
The Fat Pug,"23 Guy's Cliffe Rd, Leamington Spa",01926 420390,http://www.thefatpug.com/,restaurant,Monday: 12:00 PM – 12:00 AM,Tuesday: 11:00 AM – 12:00 AM,Wednesday: 11:00 AM – 12:00 AM,Thursday: 11:00 AM – 12:00 AM,Friday: 11:00 AM – 12:00 AM,Saturday: 11:00 AM – 12:00 AM,Sunday: 11:00 AM – 12:00 AM
Oriental Star,"9 Parade, Leamington Spa",01926 887455,http://www.orientalstarchinese.com/,restaurant,Monday: 12:00 – 10:00 PM,Tuesday: 12:00 – 10:00 PM,Wednesday: Closed,Thursday: 12:00 – 10:00 PM,Friday: 12:00 – 10:00 PM,Saturday: 12:00 – 10:00 PM,Sunday: 12:00 – 10:00 PM
The Fox and Vivian,"32 Clarendon Ave, Leamington Spa",01926 426559,http://www.foxandvivian.com/,bar,Monday: Closed,Tuesday: 4:00 – 11:00 PM,Wednesday: 4:00 – 11:00 PM,Thursday: 4:00 – 11:00 PM,Friday: 4:00 PM – 12:00 AM,"Saturday: 12:00 AM – 12:00 PM, 12:30 PM – 12:00 AM",Sunday: 12:30 – 8:00 PM
Everest Indian Take-Away,"41, Kennedy Square, Leamington Spa",01926 427502,Not Available,restaurant,Not Available,Not Available,Not Available,Not Available,Not Available,Not Available,Not Available
Birtelli's,"10 Clarendon Ave, Leamington Spa",01926 257177,Not Available,meal_delivery,Monday: 4:30 – 10:00 PM,Tuesday: 4:30 – 10:00 PM,Wednesday: 4:30 – 10:00 PM,Thursday: 4:30 – 10:00 PM,Friday: 4:30 – 10:00 PM,Saturday: 4:30 – 10:00 PM,Sunday: 4:30 – 10:00 PM
Café Royal,"70 Warwick St, Leamington Spa",07786 076075,https://www.caferoyallspa.co.uk/,cafe,Monday: 8:30 AM – 5:00 PM,Tuesday: 8:30 AM – 5:00 PM,Wednesday: 8:30 AM – 5:00 PM,Thursday: 8:30 AM – 5:00 PM,Friday: 8:30 AM – 5:00 PM,Saturday: 8:30 AM – 5:00 PM,Sunday: 8:30 AM – 5:00 PM
McDonald's,"34, The Parade, Leamington Spa",01926 832331,https://www.mcdonalds.com/gb/en-gb.html?cid=RF:YEXT:GMB:8260098:Clicks:DIRSYN:,restaurant,Monday: 6:00 AM – 11:00 PM,Tuesday: 6:00 AM – 11:00 PM,Wednesday: 6:00 AM – 11:00 PM,Thursday: 6:00 AM – 11:00 PM,Friday: 6:00 AM – 11:00 PM,Saturday: 6:00 AM – 11:00 PM,Sunday: 6:00 AM – 11:00 PM
Grounded Kitchen,"96 Warwick St, Leamington Spa",01926 893838,https://www.groundedkitchen.com/leamingtonspa,restaurant,Monday: 10:30 AM – 8:30 PM,Tuesday: 10:30 AM – 8:30 PM,Wednesday: 10:30 AM – 8:30 PM,Thursday: 10:30 AM – 9:30 PM,Friday: 10:30 AM – 9:30 PM,Saturday: 10:30 AM – 9:30 PM,Sunday: 10:30 AM – 8:30 PM
Warwick Street Kitchen,"102 Warwick St, Leamington Spa",01926 316273,http://www.warwickstreetkitchen.com/,cafe,Monday: 9:00 AM – 5:00 PM,Tuesday: 9:00 AM – 5:00 PM,Wednesday: 9:00 AM – 5:00 PM,Thursday: 9:00 AM – 5:00 PM,Friday: 9:00 AM – 5:00 PM,Saturday: 9:00 AM – 5:00 PM,Sunday: 10:00 AM – 4:00 PM
Bedford Street Bar,"4 Bedford St, Leamington Spa",01926 332506,http://www.bedfordstreetleamington.co.uk/,bar,Monday: Closed,Tuesday: 12:00 PM – 2:00 AM,Wednesday: 12:00 PM – 12:00 AM,Thursday: 12:00 PM – 2:00 AM,Friday: 12:00 PM – 3:00 AM,Saturday: 12:00 PM – 3:00 AM,Sunday: 12:00 – 11:00 PM
Beba’s,"39 Warwick St, Leamington Spa",07896 266947,http://www.bebasmoderngreek.co.uk/,cafe,Monday: Closed,Tuesday: 8:30 AM – 4:00 PM,Wednesday: 8:30 AM – 4:00 PM,Thursday: 8:30 AM – 8:30 PM,Friday: 8:30 AM – 4:00 PM,Saturday: 8:30 AM – 4:00 PM,Sunday: 9:30 AM – 4:00 PM
NIKARDOS LIMITED,"8 Lansdowne St, Leamington Spa",Not Available,Not Available,restaurant,Monday: 12:00 – 9:00 PM,Tuesday: 12:00 – 9:00 PM,Wednesday: 12:00 – 9:00 PM,Thursday: 12:00 – 10:30 PM,Friday: 12:00 – 10:30 PM,Saturday: 12:00 – 10:30 PM,Sunday: 12:00 – 9:00 PM
Wing 10,"Bedford Street Bar, 4 Bedford St, Leamington Spa",Not Available,Not Available,restaurant,Not Available,Not Available,Not Available,Not Available,Not Available,Not Available,Not Available
CS Catering,"87 Warwick St, Leamington Spa",07415 686513,http://cscateringonline.co.uk/zVLO,meal_takeaway,Not Available,Not Available,Not Available,Not Available,Not Available,Not Available,Not Available
Baserri,"16 Park St, Leamington Spa",01926 771414,https://www.baserrikitchen.com/,restaurant,Monday: Closed,Tuesday: 6:00 – 10:30 PM,Wednesday: 6:00 – 10:30 PM,"Thursday: 12:00 – 3:00 PM, 6:00 – 10:30 PM","Friday: 12:00 – 3:00 PM, 6:00 – 10:30 PM","Saturday: 12:00 – 3:00 PM, 6:00 – 10:30 PM",Sunday: 12:00 – 5:00 PM
The Kee Lee,"71 Clarendon St, Leamington Spa",01926 421115,https://surhe.top/the-kee-lee-9ygmzdg,meal_takeaway,Monday: Closed,Tuesday: 5:00 – 11:30 PM,Wednesday: 5:00 – 11:30 PM,Thursday: 5:00 – 11:30 PM,Friday: 5:00 PM – 12:00 AM,Saturday: 5:00 PM – 12:00 AM,Sunday: 5:00 – 11:30 PM
QR COOK,"37F Warwick St, Leamington Spa",07311 889982,Not Available,cafe,Monday: Closed,Tuesday: 12:00 – 5:00 PM,Wednesday: 12:00 – 5:00 PM,Thursday: 12:00 – 5:00 PM,Friday: 12:00 – 5:00 PM,Saturday: 12:00 – 5:00 PM,Sunday: Closed
The Oxford Cafe,"21 Clarendon Ave, Leamington Spa",01926 258346,http://www.oxfordcafe.co.uk/,cafe,Monday: Closed,Tuesday: 8:00 AM – 1:30 PM,Wednesday: 8:00 AM – 1:30 PM,Thursday: 8:00 AM – 1:30 PM,Friday: 8:00 AM – 1:30 PM,Saturday: 8:00 AM – 1:30 PM,Sunday: 9:00 AM – 12:30 PM
Copper Pot,"41-43 Warwick St, Leamington Spa",01926 339885,https://www.greeneking.co.uk/pubs/warwickshire/copper-pot?utm_source=g_places&utm_medium=locations&utm_campaign=UC_pubpage,bar,Monday: 11:00 AM – 11:00 PM,Tuesday: 9:00 AM – 12:00 AM,Wednesday: 9:00 AM – 12:00 AM,Thursday: 9:00 AM – 12:00 AM,Friday: 9:00 AM – 12:00 AM,Saturday: 9:00 AM – 12:00 AM,Sunday: 9:00 AM – 12:00 AM
Lansdowne Fish Bar,"8 Lansdowne St, Leamington Spa",01926 930639,Not Available,meal_takeaway,"Monday: 12:00 – 2:00 PM, 4:30 – 10:00 PM","Tuesday: 12:00 – 2:00 PM, 4:30 – 10:00 PM","Wednesday: 12:00 – 2:00 PM, 4:30 – 10:00 PM","Thursday: 12:00 – 2:00 PM, 4:30 – 10:00 PM","Friday: 12:00 – 2:00 PM, 4:30 – 10:30 PM","Saturday: 12:00 – 2:00 PM, 4:30 – 10:00 PM",Sunday: 4:30 – 9:30 PM
Upstone Restaurants Leamington Ltd,"33-39 Regent Grove, Leamington Spa",01926 881000,Not Available,restaurant,Not Available,Not Available,Not Available,Not Available,Not Available,Not Available,Not Available
Tartine bistro & wine bar,"30 Regent St, Leamington Spa",01926 257738,http://www.tartineleamington.com/,bar,Monday: 11:00 AM – 10:00 PM,Tuesday: 11:00 AM – 10:00 PM,Wednesday: 11:00 AM – 10:00 PM,Thursday: 11:00 AM – 10:00 PM,Friday: 11:00 AM – 11:00 PM,Saturday: 11:00 AM – 11:00 PM,Sunday: Closed
